username,profile_url,verified,instagram_user_id,comment_text,comment_timestamp,likes_count,comment_url,post_url
buyermind.xyz,https://www.instagram.com/buyermind.xyz/,false,71716564097,Game,2026-08-11T08:07:04.000Z,0,https://www.instagram.com/p/DUlMlmsCrfM/c/18068811770720049,https://www.instagram.com/reel/DUlMlmsCrfM/
robgentile_,https://www.instagram.com/robgentile_/,true,3592388523,Game,2026-08-07T23:38:13.000Z,0,https://www.instagram.com/p/DUlMlmsCrfM/c/18103377800595832,https://www.instagram.com/reel/DUlMlmsCrfM/
arshdoshi,https://www.instagram.com/arshdoshi/,false,3471994391,Game,2026-08-05T09:52:18.000Z,0,https://www.instagram.com/p/DUlMlmsCrfM/c/18161324467463091,https://www.instagram.com/reel/DUlMlmsCrfM/
reelresults_1,https://www.instagram.com/reelresults_1/,false,73901727619,Game,2026-08-01T17:01:01.000Z,0,https://www.instagram.com/p/DUlMlmsCrfM/c/18336078883269830,https://www.instagram.com/reel/DUlMlmsCrfM/
samueldigitalacademy,https://www.instagram.com/samueldigitalacademy/,false,42003001523,Game,2026-07-29T14:02:44.000Z,0,https://www.instagram.com/p/DUlMlmsCrfM/c/18206614006360415,https://www.instagram.com/reel/DUlMlmsCrfM/
nandanibharat123,https://www.instagram.com/nandanibharat123/,false,80225720049,Game,2026-07-25T12:07:31.000Z,0,https://www.instagram.com/p/DUlMlmsCrfM/c/18123181726683649,https://www.instagram.com/reel/DUlMlmsCrfM/
uzoamaandrea,https://www.instagram.com/uzoamaandrea/,false,39363975963,Game,2026-07-25T10:17:59.000Z,0,https://www.instagram.com/p/DUlMlmsCrfM/c/18108629360100039,https://www.instagram.com/reel/DUlMlmsCrfM/
grasya_____,https://www.instagram.com/grasya_____/,false,2342613839,game,2026-07-24T02:36:38.000Z,0,https://www.instagram.com/p/DUlMlmsCrfM/c/18027542552667176,https://www.instagram.com/reel/DUlMlmsCrfM/
adamben__1,https://www.instagram.com/adamben__1/,false,74883323018,Game,2026-07-23T19:01:34.000Z,0,https://www.instagram.com/p/DUlMlmsCrfM/c/18403331032085579,https://www.instagram.com/reel/DUlMlmsCrfM/
madamkoki4,https://www.instagram.com/madamkoki4/,false,8341866377,Game,2026-07-15T02:52:35.000Z,0,https://www.instagram.com/p/DUlMlmsCrfM/c/17903500500459626,https://www.instagram.com/reel/DUlMlmsCrfM/
mashrafihaque01,https://www.instagram.com/mashrafihaque01/,false,63561272783,Game,2026-07-14T20:56:48.000Z,0,https://www.instagram.com/p/DUlMlmsCrfM/c/18096826142608623,https://www.instagram.com/reel/DUlMlmsCrfM/
katieneeson,https://www.instagram.com/katieneeson/,false,51330694,Game,2026-07-14T01:33:10.000Z,0,https://www.instagram.com/p/DUlMlmsCrfM/c/17888293812657974,https://www.instagram.com/reel/DUlMlmsCrfM/
emmaslifewellness,https://www.instagram.com/emmaslifewellness/,false,35330214931,GAME,2026-07-12T21:39:40.000Z,0,https://www.instagram.com/p/DUlMlmsCrfM/c/17977585689060392,https://www.instagram.com/reel/DUlMlmsCrfM/
rcgrl29,https://www.instagram.com/rcgrl29/,false,3441252812,Game,2026-07-07T03:05:36.000Z,0,https://www.instagram.com/p/DUlMlmsCrfM/c/18088724399317314,https://www.instagram.com/reel/DUlMlmsCrfM/
ahboston24,https://www.instagram.com/ahboston24/,false,505527938,Game,2026-06-23T19:39:14.000Z,0,https://www.instagram.com/p/DUlMlmsCrfM/c/17945398035218668,https://www.instagram.com/reel/DUlMlmsCrfM/
